Vd_V,uy_rest_m,a_max_m_s2,a_max_g,verify_resid
0,0.0,2122895.9503058675,216401.2181759294,-0.0060549929177315925
