t_um,k_ip_FEM,k_ip_analytic,k_oop_FEM,k_oop_analytic
10.0,1883.4179524973222,2014.8148148148157,1640.5762132948619,8059.25925925926
