Vd_V,f1_Hz,f2_Hz,f3_Hz,f4_Hz
0.000000000000000000e+00,4.965000000000000000e+05,2.543700000000000000e+06,3.310500000000000000e+06,3.310500000000000000e+06
1.000000000000000000e+02,4.895000000000000000e+05,2.375700000000000000e+06,2.999300000000000000e+06,2.999300000000000000e+06
1.500000000000000000e+02,4.795000000000000000e+05,2.049199999999999767e+06,2.558300000000000000e+06,2.558300000000000000e+06
1.800000000000000000e+02,4.704000000000000000e+05,1.666700000000000000e+06,2.146100000000000000e+06,2.146100000000000000e+06
2.000000000000000000e+02,4.624000000000000000e+05,1.253500000000000000e+06,1.766200000000000000e+06,1.766200000000000000e+06
